<?xml version="1.0" encoding="UTF-8"?>
<infoList vendor="NXP">&#x0A;<info chip="MKL25Z128xxx4" name="MKL25Z128xxx4">&#x0A;<chip>&#x0A;<name>MKL25Z128xxx4</name>&#x0A;<family>KL2x</family>&#x0A;<vendor>NXP</vendor>&#x0A;<memory can_program="true" id="Flash" is_ro="true" size="0" type="Flash"/>&#x0A;<memory id="RAM" size="0" type="RAM"/>&#x0A;<memoryInstance derived_from="Flash" driver="FTFA_1K.cfx" id="PROGRAM_FLASH" location="0x0" size="0x20000"/>&#x0A;<memoryInstance derived_from="RAM" id="SRAM" location="0x1ffff000" size="0x4000"/>&#x0A;</chip>&#x0A;<processor>&#x0A;<name gcc_name="cortex-m0plus">Cortex-M0+</name>&#x0A;<family>Cortex-M</family>&#x0A;</processor>&#x0A;</info>&#x0A;</infoList>
